﻿Фамилия;Имя;Отчество;Логин;Роль;Код филиала;Код управления;Код канала продаж;Код посредника;E-mail сотрудника;Временная зона пользователя (сдвиг времени в часах);Табельный номер сотрудника;Тип действия;Наименование страховой компании;Подразделение;Дочернее подразделение;Дочернее подразделение
Чайников;Дэни;Батькович fovvf-1;nctdeifhtidahfs;Seller;1;1;4;0;kkwshhg@virtusystems.ru;0;04841255;CREATE;ЗАО СК «РСХБ-Страхование» ;Воронеж;;;
Подъяблонская;Кассандра;Батьковна fovvf-2;cyeshqrfwtjwvbd;Seller;1;1;4;0;bkvcwoa@virtusystems.ru;0;80616740;CREATE;ЗАО СК «РСХБ-Страхование» ;Воронеж;;;
Козка;Эмилина;Батьковна fovvf-3;tzqinxfwlrokayj;Seller;1;1;4;0;plxuocq@virtusystems.ru;0;62665332;CREATE;ЗАО СК «РСХБ-Страхование» ;Воронеж;;;
Холмик;Гектор;Батькович fovvf-4;cxlxrazfwpzdraq;Seller;1;1;4;0;kpatjnh@virtusystems.ru;0;42172247;CREATE;ЗАО СК «РСХБ-Страхование» ;Воронеж;;;
Плуготыренко;Саид;Батькович fovvf-5;jevcberoucbipij;Seller;1;1;4;0;fjjrtgw@virtusystems.ru;0;40454608;CREATE;ЗАО СК «РСХБ-Страхование» ;Воронеж;;;
Нескладнова;Янина;Батьковна fovvf-6;cteahqkpuagtouk;Seller;1;1;4;0;rcinnbo@virtusystems.ru;0;32643444;CREATE;ЗАО СК «РСХБ-Страхование» ;Воронеж;;;
Майданюк;Кузьма;Батькович fovvf-7;xtlnpuzqxvsriff;Seller;1;1;4;0;viftkyi@virtusystems.ru;0;17811418;CREATE;ЗАО СК «РСХБ-Страхование» ;Воронеж;;;
Бочечка;Августа;Батьковна fovvf-8;fkahbueoydvtbhr;Seller;1;1;4;0;wyucnnk@virtusystems.ru;0;75847142;CREATE;ЗАО СК «РСХБ-Страхование» ;Воронеж;;;
Мышьякова;Бригитта;Батьковна fovvf-9;btbaiaxveihgusf;Seller;1;1;4;0;xwzvnft@virtusystems.ru;0;13256826;CREATE;ЗАО СК «РСХБ-Страхование» ;Воронеж;;;
Земляк;Эльмир;Батькович fovvf-10;skxxwkjgqlytpli;Seller;1;1;4;0;njkoohu@virtusystems.ru;0;14387006;CREATE;ЗАО СК «РСХБ-Страхование» ;Воронеж;;;