﻿Фамилия;Имя;Отчество;Логин;Роль;Код филиала;Код управления;Код канала продаж;Код посредника;E-mail сотрудника;Временная зона пользователя (сдвиг времени в часах);Табельный номер сотрудника;Тип действия;Наименование страховой компании;Подразделение;Дочернее подразделение;Дочернее подразделение
Рогуля;Анисья;Батьковна yyggk-1;oojenhabgskclfe;Seller;1;1;4;0;gkcnzag@virtusystems.ru;0;20680265;CREATE;ЗАО СК «РСХБ-Страхование» ;Воронеж;;;
Чевычелов;Микель;Батькович yyggk-2;dkyrenxhkhfzhuj;Seller;1;1;4;0;bqnshpl@virtusystems.ru;0;36714474;CREATE;ЗАО СК «РСХБ-Страхование» ;Воронеж;;;
Повеквечных;Гариб;Батькович yyggk-3;kilybyobniibklj;Seller;1;1;4;0;kfajziw@virtusystems.ru;0;42688336;CREATE;ЗАО СК «РСХБ-Страхование» ;Воронеж;;;
Нескладнова;Нэлли;Батьковна yyggk-4;xzgxxbxdartxvha;Seller;1;1;4;0;ajifjpf@virtusystems.ru;0;05365100;CREATE;ЗАО СК «РСХБ-Страхование» ;Воронеж;;;
Разгильдяев;Эльман;Батькович yyggk-5;cwpizidvcwfennv;Seller;1;1;4;0;xckkokf@virtusystems.ru;0;75815472;CREATE;ЗАО СК «РСХБ-Страхование» ;Воронеж;;;
Нечепаев;Педро;Батькович yyggk-6;iouxbnfguydjoeo;Seller;1;1;4;0;ovvpnjb@virtusystems.ru;0;83683760;CREATE;ЗАО СК «РСХБ-Страхование» ;Воронеж;;;
Шкарлет;Златомир;Батькович yyggk-7;plrdpbkdddbwgsl;Seller;1;1;4;0;jdyicap@virtusystems.ru;0;67847768;CREATE;ЗАО СК «РСХБ-Страхование» ;Воронеж;;;
Попиков;Ашот;Батькович yyggk-8;bcpktwfjxgwwahc;Seller;1;1;4;0;kecbnyt@virtusystems.ru;0;65482227;CREATE;ЗАО СК «РСХБ-Страхование» ;Воронеж;;;
Дядя;Радмила;Батьковна yyggk-9;lspyklzkdjtqitn;Seller;1;1;4;0;nwvafqq@virtusystems.ru;0;28518014;CREATE;ЗАО СК «РСХБ-Страхование» ;Воронеж;;;
Бутылкин;Армен;Батькович yyggk-10;itpoadwovdxpxvv;Seller;1;1;4;0;dceoyvw@virtusystems.ru;0;15386214;CREATE;ЗАО СК «РСХБ-Страхование» ;Воронеж;;;
Пендюрина;Малина;Батьковна yyggk-11;pxsfjzrdkqcoafu;Seller;1;1;4;0;wkwytdi@virtusystems.ru;0;01502155;CREATE;ЗАО СК «РСХБ-Страхование» ;Воронеж;;;
Суходоева;Илиана;Батьковна yyggk-12;nsgyyyksxifxzgx;Seller;1;1;4;0;wvsaflx@virtusystems.ru;0;67543236;CREATE;ЗАО СК «РСХБ-Страхование» ;Воронеж;;;
Кастрюлев;Магомед;Батькович yyggk-13;jvraieghjqcqbue;Seller;1;1;4;0;tzcellq@virtusystems.ru;0;34582666;CREATE;ЗАО СК «РСХБ-Страхование» ;Воронеж;;;
Кронштадт;Даниэл;Батькович yyggk-14;cgdcjkcgninthfk;Seller;1;1;4;0;yqvxutr@virtusystems.ru;0;15135287;CREATE;ЗАО СК «РСХБ-Страхование» ;Воронеж;;;